_id,chi,date,domanda_id,messaggio,nome
641429d0aeb122aaa608c602,rontinim@gmail.com,2023-03-17T08:50:24.877Z,12,Risposta Alla Domanda Chiusa,sdfgb
64142b74aeb122aaa608c604,rontinim@gmail.com,2023-03-17T08:57:24.636Z,12,Risposta Alla Domanda Chiusa,sdfgb
64142c1daeb122aaa608c606,rontinim@gmail.com,2023-03-17T09:00:13.452Z,12,Risposta Alla Domanda Chiusa,sdfgb
64142c97aeb122aaa608c607,rontinim@gmail.com,2023-03-17T09:02:15.358Z,12,Risposta Alla Domanda Chiusa,sdfgb
64142cd3aeb122aaa608c608,rontinim@gmail.com,2023-03-17T09:03:15.982Z,13,Risposta Alla Domanda Chiusa,3
64142ceaaeb122aaa608c609,rontinim@gmail.com,2023-03-17T09:03:38.138Z,13,Risposta Alla Domanda Chiusa,3
64142d30aeb122aaa608c60a,rontinim@gmail.com,2023-03-17T09:04:48.631Z,13,Risposta Alla Domanda Chiusa,3
64142d4baeb122aaa608c60b,rontinim@gmail.com,2023-03-17T09:05:15.597Z,12,Risposta Alla Domanda Chiusa,ROSSE
64142ee8aeb122aaa608c60c,rontinim@gmail.com,2023-03-17T09:12:08.758Z,12,Risposta Alla Domanda Chiusa,
64142ee8aeb122aaa608c60d,rontinim@gmail.com,2023-03-17T09:12:08.850Z,12,Risposta Alla Domanda Chiusa,
64142ee8aeb122aaa608c60e,rontinim@gmail.com,2023-03-17T09:12:08.914Z,12,Risposta Alla Domanda Chiusa,
64142f1caeb122aaa608c60f,rontinim@gmail.com,2023-03-17T09:13:00.638Z,12,Risposta Alla Domanda Chiusa,
64142f1caeb122aaa608c610,rontinim@gmail.com,2023-03-17T09:13:00.750Z,12,Risposta Alla Domanda Chiusa,
64142fa2aeb122aaa608c611,rontinim@gmail.com,2023-03-17T09:15:14.477Z,12,Risposta Alla Domanda Chiusa,
64142fa2aeb122aaa608c612,rontinim@gmail.com,2023-03-17T09:15:14.555Z,12,Risposta Alla Domanda Chiusa,
64142fa5aeb122aaa608c613,rontinim@gmail.com,2023-03-17T09:15:17.044Z,12,Risposta Alla Domanda Chiusa,
64142fa5aeb122aaa608c614,rontinim@gmail.com,2023-03-17T09:15:17.122Z,12,Risposta Alla Domanda Chiusa,
64143000aeb122aaa608c615,rontinim@gmail.com,2023-03-17T09:16:48.182Z,12,Risposta Alla Domanda Chiusa,
64143000aeb122aaa608c616,rontinim@gmail.com,2023-03-17T09:16:48.259Z,12,Risposta Alla Domanda Chiusa,
64143001aeb122aaa608c617,rontinim@gmail.com,2023-03-17T09:16:49.148Z,12,Risposta Alla Domanda Chiusa,
64143001aeb122aaa608c618,rontinim@gmail.com,2023-03-17T09:16:49.270Z,12,Risposta Alla Domanda Chiusa,
64143001aeb122aaa608c619,rontinim@gmail.com,2023-03-17T09:16:49.569Z,12,Risposta Alla Domanda Chiusa,
64143001aeb122aaa608c61a,rontinim@gmail.com,2023-03-17T09:16:49.682Z,12,Risposta Alla Domanda Chiusa,
64143002aeb122aaa608c61b,rontinim@gmail.com,2023-03-17T09:16:50.181Z,12,Risposta Alla Domanda Chiusa,
64143002aeb122aaa608c61c,rontinim@gmail.com,2023-03-17T09:16:50.293Z,12,Risposta Alla Domanda Chiusa,
64143003aeb122aaa608c61d,rontinim@gmail.com,2023-03-17T09:16:51.226Z,12,Risposta Alla Domanda Chiusa,
64143003aeb122aaa608c61e,rontinim@gmail.com,2023-03-17T09:16:51.304Z,12,Risposta Alla Domanda Chiusa,
64143003aeb122aaa608c61f,rontinim@gmail.com,2023-03-17T09:16:51.860Z,12,Risposta Alla Domanda Chiusa,
64143004aeb122aaa608c620,rontinim@gmail.com,2023-03-17T09:16:52.003Z,12,Risposta Alla Domanda Chiusa,
6414308eaeb122aaa608c621,rontinim@gmail.com,2023-03-17T09:19:10.131Z,12,Risposta Alla Domanda Chiusa,
6414308eaeb122aaa608c622,rontinim@gmail.com,2023-03-17T09:19:10.198Z,12,Risposta Alla Domanda Chiusa,
6414308eaeb122aaa608c623,rontinim@gmail.com,2023-03-17T09:19:10.714Z,12,Risposta Alla Domanda Chiusa,
6414308eaeb122aaa608c624,rontinim@gmail.com,2023-03-17T09:19:10.936Z,12,Risposta Alla Domanda Chiusa,
6414308faeb122aaa608c626,rontinim@gmail.com,2023-03-17T09:19:11.066Z,12,Risposta Alla Domanda Chiusa,
6414308faeb122aaa608c628,rontinim@gmail.com,2023-03-17T09:19:11.387Z,12,Risposta Alla Domanda Chiusa,
6414308faeb122aaa608c629,rontinim@gmail.com,2023-03-17T09:19:11.498Z,12,Risposta Alla Domanda Chiusa,
6414308faeb122aaa608c62a,rontinim@gmail.com,2023-03-17T09:19:11.580Z,12,Risposta Alla Domanda Chiusa,
6414308faeb122aaa608c62c,rontinim@gmail.com,2023-03-17T09:19:11.687Z,12,Risposta Alla Domanda Chiusa,
64143090aeb122aaa608c62e,rontinim@gmail.com,2023-03-17T09:19:12.010Z,12,Risposta Alla Domanda Chiusa,
64143090aeb122aaa608c630,rontinim@gmail.com,2023-03-17T09:19:12.132Z,12,Risposta Alla Domanda Chiusa,
64143090aeb122aaa608c632,rontinim@gmail.com,2023-03-17T09:19:12.455Z,12,Risposta Alla Domanda Chiusa,
64143090aeb122aaa608c634,rontinim@gmail.com,2023-03-17T09:19:12.553Z,12,Risposta Alla Domanda Chiusa,
64143090aeb122aaa608c636,rontinim@gmail.com,2023-03-17T09:19:12.935Z,12,Risposta Alla Domanda Chiusa,
64143091aeb122aaa608c637,rontinim@gmail.com,2023-03-17T09:19:13.010Z,12,Risposta Alla Domanda Chiusa,
64143091aeb122aaa608c638,rontinim@gmail.com,2023-03-17T09:19:13.109Z,12,Risposta Alla Domanda Chiusa,
64143091aeb122aaa608c63a,rontinim@gmail.com,2023-03-17T09:19:13.243Z,12,Risposta Alla Domanda Chiusa,
64143091aeb122aaa608c63c,rontinim@gmail.com,2023-03-17T09:19:13.565Z,12,Risposta Alla Domanda Chiusa,
64143091aeb122aaa608c63e,rontinim@gmail.com,2023-03-17T09:19:13.676Z,12,Risposta Alla Domanda Chiusa,
64143092aeb122aaa608c640,rontinim@gmail.com,2023-03-17T09:19:14.020Z,12,Risposta Alla Domanda Chiusa,
64143092aeb122aaa608c641,rontinim@gmail.com,2023-03-17T09:19:14.131Z,12,Risposta Alla Domanda Chiusa,
64143092aeb122aaa608c642,rontinim@gmail.com,2023-03-17T09:19:14.232Z,12,Risposta Alla Domanda Chiusa,
64143092aeb122aaa608c643,rontinim@gmail.com,2023-03-17T09:19:14.439Z,12,Risposta Alla Domanda Chiusa,
64143092aeb122aaa608c644,rontinim@gmail.com,2023-03-17T09:19:14.554Z,12,Risposta Alla Domanda Chiusa,
64143092aeb122aaa608c646,rontinim@gmail.com,2023-03-17T09:19:14.643Z,12,Risposta Alla Domanda Chiusa,
64143092aeb122aaa608c648,rontinim@gmail.com,2023-03-17T09:19:14.965Z,12,Risposta Alla Domanda Chiusa,
64143093aeb122aaa608c649,rontinim@gmail.com,2023-03-17T09:19:15.077Z,12,Risposta Alla Domanda Chiusa,
64143093aeb122aaa608c64a,rontinim@gmail.com,2023-03-17T09:19:15.187Z,12,Risposta Alla Domanda Chiusa,
64143093aeb122aaa608c64c,rontinim@gmail.com,2023-03-17T09:19:15.388Z,12,Risposta Alla Domanda Chiusa,
64143093aeb122aaa608c64e,rontinim@gmail.com,2023-03-17T09:19:15.758Z,12,Risposta Alla Domanda Chiusa,
64143093aeb122aaa608c64f,rontinim@gmail.com,2023-03-17T09:19:15.843Z,12,Risposta Alla Domanda Chiusa,
64143093aeb122aaa608c650,rontinim@gmail.com,2023-03-17T09:19:15.944Z,12,Risposta Alla Domanda Chiusa,
64143094aeb122aaa608c652,rontinim@gmail.com,2023-03-17T09:19:16.076Z,12,Risposta Alla Domanda Chiusa,
64143094aeb122aaa608c654,rontinim@gmail.com,2023-03-17T09:19:16.525Z,12,Risposta Alla Domanda Chiusa,
64143094aeb122aaa608c656,rontinim@gmail.com,2023-03-17T09:19:16.643Z,12,Risposta Alla Domanda Chiusa,
64143095aeb122aaa608c658,rontinim@gmail.com,2023-03-17T09:19:17.054Z,12,Risposta Alla Domanda Chiusa,
64143095aeb122aaa608c659,rontinim@gmail.com,2023-03-17T09:19:17.187Z,12,Risposta Alla Domanda Chiusa,
64143095aeb122aaa608c65a,rontinim@gmail.com,2023-03-17T09:19:17.265Z,12,Risposta Alla Domanda Chiusa,
64143095aeb122aaa608c65b,rontinim@gmail.com,2023-03-17T09:19:17.494Z,12,Risposta Alla Domanda Chiusa,
64143095aeb122aaa608c65c,rontinim@gmail.com,2023-03-17T09:19:17.599Z,12,Risposta Alla Domanda Chiusa,
64143095aeb122aaa608c65e,rontinim@gmail.com,2023-03-17T09:19:17.711Z,12,Risposta Alla Domanda Chiusa,
64143096aeb122aaa608c660,rontinim@gmail.com,2023-03-17T09:19:18.054Z,12,Risposta Alla Domanda Chiusa,
64143096aeb122aaa608c661,rontinim@gmail.com,2023-03-17T09:19:18.155Z,12,Risposta Alla Domanda Chiusa,
64143096aeb122aaa608c662,rontinim@gmail.com,2023-03-17T09:19:18.265Z,12,Risposta Alla Domanda Chiusa,
64143096aeb122aaa608c664,rontinim@gmail.com,2023-03-17T09:19:18.499Z,12,Risposta Alla Domanda Chiusa,
64143096aeb122aaa608c666,rontinim@gmail.com,2023-03-17T09:19:18.865Z,12,Risposta Alla Domanda Chiusa,
64143096aeb122aaa608c667,rontinim@gmail.com,2023-03-17T09:19:18.977Z,12,Risposta Alla Domanda Chiusa,
64143097aeb122aaa608c668,rontinim@gmail.com,2023-03-17T09:19:19.088Z,12,Risposta Alla Domanda Chiusa,
64143097aeb122aaa608c669,rontinim@gmail.com,2023-03-17T09:19:19.255Z,12,Risposta Alla Domanda Chiusa,
64143097aeb122aaa608c66a,rontinim@gmail.com,2023-03-17T09:19:19.394Z,12,Risposta Alla Domanda Chiusa,
64143097aeb122aaa608c66c,rontinim@gmail.com,2023-03-17T09:19:19.577Z,12,Risposta Alla Domanda Chiusa,
64143097aeb122aaa608c66e,rontinim@gmail.com,2023-03-17T09:19:19.903Z,12,Risposta Alla Domanda Chiusa,
64143098aeb122aaa608c66f,rontinim@gmail.com,2023-03-17T09:19:20.010Z,12,Risposta Alla Domanda Chiusa,
64143098aeb122aaa608c670,rontinim@gmail.com,2023-03-17T09:19:20.110Z,12,Risposta Alla Domanda Chiusa,
64143098aeb122aaa608c672,rontinim@gmail.com,2023-03-17T09:19:20.210Z,12,Risposta Alla Domanda Chiusa,
64143098aeb122aaa608c674,rontinim@gmail.com,2023-03-17T09:19:20.588Z,12,Risposta Alla Domanda Chiusa,
64143098aeb122aaa608c675,rontinim@gmail.com,2023-03-17T09:19:20.709Z,12,Risposta Alla Domanda Chiusa,
64143098aeb122aaa608c676,rontinim@gmail.com,2023-03-17T09:19:20.821Z,12,Risposta Alla Domanda Chiusa,
6414313eaeb122aaa608c677,rontinim@gmail.com,2023-03-17T09:22:06.706Z,12,Risposta Alla Domanda Chiusa,
6414313eaeb122aaa608c678,rontinim@gmail.com,2023-03-17T09:22:06.995Z,12,Risposta Alla Domanda Chiusa,
64143161aeb122aaa608c679,rontinim@gmail.com,2023-03-17T09:22:41.816Z,12,Risposta Alla Domanda Chiusa,
64143162aeb122aaa608c67a,rontinim@gmail.com,2023-03-17T09:22:42.036Z,12,Risposta Alla Domanda Chiusa,
64143162aeb122aaa608c67b,rontinim@gmail.com,2023-03-17T09:22:42.908Z,12,Risposta Alla Domanda Chiusa,
64143163aeb122aaa608c67c,rontinim@gmail.com,2023-03-17T09:22:43.007Z,12,Risposta Alla Domanda Chiusa,
64143164aeb122aaa608c67d,rontinim@gmail.com,2023-03-17T09:22:44.029Z,12,Risposta Alla Domanda Chiusa,
64143164aeb122aaa608c67e,rontinim@gmail.com,2023-03-17T09:22:44.107Z,12,Risposta Alla Domanda Chiusa,
64143164aeb122aaa608c67f,rontinim@gmail.com,2023-03-17T09:22:44.952Z,12,Risposta Alla Domanda Chiusa,
64143165aeb122aaa608c680,rontinim@gmail.com,2023-03-17T09:22:45.052Z,12,Risposta Alla Domanda Chiusa,
641433f1aeb122aaa608c681,rontinim@gmail.com,2023-03-17T09:33:37.248Z,12,Risposta Alla Domanda Chiusa,ROSSE
64143464aeb122aaa608c682,rontinim@gmail.com,2023-03-17T09:35:32.966Z,12,Risposta Alla Domanda Chiusa,ROSSE
64143465aeb122aaa608c683,rontinim@gmail.com,2023-03-17T09:35:33.087Z,12,Risposta Alla Domanda Chiusa,5
64143465aeb122aaa608c684,rontinim@gmail.com,2023-03-17T09:35:33.487Z,12,Risposta Alla Domanda Chiusa,ddddd
64143465aeb122aaa608c685,rontinim@gmail.com,2023-03-17T09:35:33.660Z,12,Risposta Alla Domanda Chiusa,eeee
641434bbaeb122aaa608c686,rontinim@gmail.com,2023-03-17T09:36:59.591Z,secondaa,Risposta Alla Domanda Aperta,ROSSE
641434bbaeb122aaa608c687,rontinim@gmail.com,2023-03-17T09:36:59.658Z,13,Risposta Alla Domanda Chiusa,ROSSE
641434bbaeb122aaa608c688,rontinim@gmail.com,2023-03-17T09:36:59.758Z,secondaa,Risposta Alla Domanda Aperta,1
641434bbaeb122aaa608c689,rontinim@gmail.com,2023-03-17T09:36:59.836Z,13,Risposta Alla Domanda Chiusa,1
641434bbaeb122aaa608c68a,rontinim@gmail.com,2023-03-17T09:36:59.902Z,secondaa,Risposta Alla Domanda Aperta,pinco
641434bbaeb122aaa608c68b,rontinim@gmail.com,2023-03-17T09:36:59.980Z,13,Risposta Alla Domanda Chiusa,pinco
641434bcaeb122aaa608c68c,rontinim@gmail.com,2023-03-17T09:37:00.047Z,secondaa,Risposta Alla Domanda Aperta,pallino
641434bcaeb122aaa608c68d,rontinim@gmail.com,2023-03-17T09:37:00.125Z,13,Risposta Alla Domanda Chiusa,pallino
64143546aeb122aaa608c68e,rontinim@gmail.com,2023-03-17T09:39:18.742Z,secondaa,Risposta Alla Domanda Aperta,ROSSE
64143546aeb122aaa608c68f,rontinim@gmail.com,2023-03-17T09:39:18.853Z,13,Risposta Alla Domanda Chiusa,ROSSE
64143546aeb122aaa608c690,rontinim@gmail.com,2023-03-17T09:39:18.931Z,secondaa,Risposta Alla Domanda Aperta,1
64143547aeb122aaa608c691,rontinim@gmail.com,2023-03-17T09:39:19.031Z,13,Risposta Alla Domanda Chiusa,1
64143547aeb122aaa608c692,rontinim@gmail.com,2023-03-17T09:39:19.143Z,secondaa,Risposta Alla Domanda Aperta,pinco
64143547aeb122aaa608c693,rontinim@gmail.com,2023-03-17T09:39:19.209Z,13,Risposta Alla Domanda Chiusa,pinco
64143547aeb122aaa608c694,rontinim@gmail.com,2023-03-17T09:39:19.309Z,secondaa,Risposta Alla Domanda Aperta,pallino
64143547aeb122aaa608c695,rontinim@gmail.com,2023-03-17T09:39:19.387Z,13,Risposta Alla Domanda Chiusa,pallino
641435b0aeb122aaa608c696,rontinim@gmail.com,2023-03-17T09:41:04.925Z,secondaa,Risposta Alla Domanda Aperta,ROSSE
641435b1aeb122aaa608c697,rontinim@gmail.com,2023-03-17T09:41:05.037Z,13,Risposta Alla Domanda Chiusa,ROSSE
641435b1aeb122aaa608c698,rontinim@gmail.com,2023-03-17T09:41:05.114Z,secondaa,Risposta Alla Domanda Aperta,5
641435b1aeb122aaa608c699,rontinim@gmail.com,2023-03-17T09:41:05.225Z,13,Risposta Alla Domanda Chiusa,5
641436baaeb122aaa608c69a,rontinim@gmail.com,2023-03-17T09:45:30.115Z,12,Risposta Alla Domanda Chiusa,ROSSE
641436baaeb122aaa608c69b,rontinim@gmail.com,2023-03-17T09:45:30.193Z,12,Risposta Alla Domanda Chiusa,3
641436dcaeb122aaa608c69c,rontinim@gmail.com,2023-03-17T09:46:04.606Z,12,Risposta Alla Domanda Chiusa,ROSSE
64143846aeb122aaa608c69d,rontinim@gmail.com,2023-03-17T09:52:06.302Z,12,Risposta Alla Domanda Chiusa,ROSSE
6414389baeb122aaa608c69e,rontinim@gmail.com,2023-03-17T09:53:31.028Z,secondaa,Risposta Alla Domanda Aperta,ROSSE
6414389baeb122aaa608c69f,rontinim@gmail.com,2023-03-17T09:53:31.095Z,13,Risposta Alla Domanda Chiusa,ROSSE
6414389baeb122aaa608c6a0,rontinim@gmail.com,2023-03-17T09:53:31.195Z,secondaa,Risposta Alla Domanda Aperta,1
6414389baeb122aaa608c6a1,rontinim@gmail.com,2023-03-17T09:53:31.295Z,13,Risposta Alla Domanda Chiusa,1
6414389baeb122aaa608c6a2,rontinim@gmail.com,2023-03-17T09:53:31.372Z,secondaa,Risposta Alla Domanda Aperta,prova
6414389baeb122aaa608c6a3,rontinim@gmail.com,2023-03-17T09:53:31.484Z,13,Risposta Alla Domanda Chiusa,prova
6414389baeb122aaa608c6a4,rontinim@gmail.com,2023-03-17T09:53:31.595Z,secondaa,Risposta Alla Domanda Aperta,pippo
6414389baeb122aaa608c6a5,rontinim@gmail.com,2023-03-17T09:53:31.661Z,13,Risposta Alla Domanda Chiusa,pippo
64143963aeb122aaa608c6a6,rontinim@gmail.com,2023-03-17T09:56:51.316Z,12,Risposta Alla Domanda Chiusa,ROSSE
6414399eaeb122aaa608c6a7,rontinim@gmail.com,2023-03-17T09:57:50.863Z,13,Risposta Alla Domanda Chiusa,1
64148a9212ad32a73f0aaf52,rontinim@gmail.com,2023-03-17T15:43:14.917Z,12,Risposta Alla Domanda Chiusa,ROSSE
64148b0612ad32a73f0aaf54,rontinim@gmail.com,2023-03-17T15:45:10.757Z,12,Risposta Alla Domanda Chiusa,ROSSE
64148b0f12ad32a73f0aaf56,rontinim@gmail.com,2023-03-17T15:45:19.591Z,12,Risposta Alla Domanda Chiusa,ROSSE
64148b3112ad32a73f0aaf57,rontinim@gmail.com,2023-03-17T15:45:53.258Z,12,Risposta Alla Domanda Chiusa,ROSSE
64148b3d12ad32a73f0aaf58,rontinim@gmail.com,2023-03-17T15:46:05.160Z,12,Risposta Alla Domanda Chiusa,ROSSE
64148b9e12ad32a73f0aaf59,rontinim@gmail.com,2023-03-17T15:47:42.953Z,12,Risposta Alla Domanda Chiusa,ROSSE
64148ba112ad32a73f0aaf5a,rontinim@gmail.com,2023-03-17T15:47:45.986Z,12,Risposta Alla Domanda Chiusa,ROSSE
64148bfd12ad32a73f0aaf5b,rontinim@gmail.com,2023-03-17T15:49:17.291Z,12,Risposta Alla Domanda Chiusa,ROSSE
64148c1212ad32a73f0aaf5c,rontinim@gmail.com,2023-03-17T15:49:38.414Z,12,Risposta Alla Domanda Chiusa,ROSSE
64148c2c12ad32a73f0aaf5d,rontinim@gmail.com,2023-03-17T15:50:04.127Z,12,Risposta Alla Domanda Chiusa,ROSSE
64148c5612ad32a73f0aaf5e,rontinim@gmail.com,2023-03-17T15:50:46.296Z,12,Risposta Alla Domanda Chiusa,ROSSE
64148c9f12ad32a73f0aaf5f,rontinim@gmail.com,2023-03-17T15:51:59.832Z,12,Risposta Alla Domanda Chiusa,ROSSE
64148de412ad32a73f0aaf60,rontinim@gmail.com,2023-03-17T15:57:24.971Z,prima,Risposta Alla Domanda Aperta,ffffffffffffffff
64148dfd12ad32a73f0aaf61,rontinim@gmail.com,2023-03-17T15:57:49.317Z,prima,Risposta Alla Domanda Aperta,ffffffffffffffff
64148e1612ad32a73f0aaf62,rontinim@gmail.com,2023-03-17T15:58:14.030Z,prima,Risposta Alla Domanda Aperta,ffffffffffffffff
64148e3412ad32a73f0aaf63,rontinim@gmail.com,2023-03-17T15:58:44.842Z,prima,Risposta Alla Domanda Aperta,ffffffffffffffff
64148e4b12ad32a73f0aaf64,rontinim@gmail.com,2023-03-17T15:59:07.799Z,prima,Risposta Alla Domanda Aperta,ffffffffffffffff
6414903212ad32a73f0aaf65,rontinim@gmail.com,2023-03-17T16:07:14.035Z,12,Risposta Alla Domanda Chiusa,ROSSE
6414905c12ad32a73f0aaf66,rontinim@gmail.com,2023-03-17T16:07:56.637Z,13,Risposta Alla Domanda Chiusa,1
6414906a12ad32a73f0aaf67,rontinim@gmail.com,2023-03-17T16:08:10.482Z,prima,Risposta Alla Domanda Aperta,ciao
6414907a12ad32a73f0aaf68,rontinim@gmail.com,2023-03-17T16:08:26.194Z,secondaa,Risposta Alla Domanda Aperta,aaa
641491b512ad32a73f0aaf69,rontinim@gmail.com,2023-03-17T16:13:41.594Z,12,Risposta Alla Domanda Chiusa,ROSSE
6414921512ad32a73f0aaf6a,rontinim@gmail.com,2023-03-17T16:15:17.227Z,13,Risposta Alla Domanda Chiusa,1
641492ae12ad32a73f0aaf6b,rontinim@gmail.com,2023-03-17T16:17:50.757Z,prima,Risposta Alla Domanda Aperta,xiao
641492cd12ad32a73f0aaf6c,rontinim@gmail.com,2023-03-17T16:18:21.892Z,secondaa,Risposta Alla Domanda Aperta,klmklm
6414933e12ad32a73f0aaf6d,rontinim@gmail.com,2023-03-17T16:20:14.854Z,12,Risposta Alla Domanda Chiusa,ROSSE
6414939512ad32a73f0aaf6e,rontinim@gmail.com,2023-03-17T16:21:41.047Z,13,Risposta Alla Domanda Chiusa,1
6414942912ad32a73f0aaf6f,rontinim@gmail.com,2023-03-17T16:24:09.611Z,prima,Risposta Alla Domanda Aperta,lkm
6414945012ad32a73f0aaf70,rontinim@gmail.com,2023-03-17T16:24:48.234Z,secondaa,Risposta Alla Domanda Aperta,ciao
641494a112ad32a73f0aaf71,rontinim@gmail.com,2023-03-17T16:26:09.606Z,12,Risposta Alla Domanda Chiusa,ROSSE
6414955312ad32a73f0aaf72,rontinim@gmail.com,2023-03-17T16:29:07.782Z,13,Risposta Alla Domanda Chiusa,1
6414997312ad32a73f0aaf73,rontinim@gmail.com,2023-03-17T16:46:43.016Z,12,Risposta Alla Domanda Aperta,ROSSE
6414a20b12ad32a73f0aaf74,marco@gmail.com,2023-03-17T17:23:23.100Z,,Creazione Sondaggio,lkjhkljh
6414c213914598fec10c5031,rontinim@gmail.com,2023-03-17T19:40:03.149Z,,Creazione Dominio,
6414c2eb914598fec10c5034,marco@gmail.com,2023-03-17T19:43:39.458Z,,Creazione Sondaggio Premium,
6414c38e914598fec10c5036,marco@gmail.com,2023-03-17T19:46:22.310Z,,Creazione Sondaggio Premium,hkjshksjhkjh
6414c391914598fec10c5037,marco@gmail.com,2023-03-17T19:46:25.462Z,,Creazione Domanda Aperta,
6414e2cdc12fc5957e058421,rontinim@gmail.com,2023-03-17T21:59:41.649Z,,Creazione Dominio,
6414e34cc12fc5957e058424,rontinim@gmail.com,2023-03-17T22:01:48.567Z,,Creazione Dominio,
6414e4e4c12fc5957e058426,rontinim@gmail.com,2023-03-17T22:08:36.521Z,,Creazione Dominio,prova
6414ee43c12fc5957e058428,,2023-03-17T22:48:35.359Z,,Manda Invito,kjkjhkjh
6414ee55c12fc5957e058429,,2023-03-17T22:48:53.294Z,,Manda Invito,VOLALALRE
64157d928c1df1193b0e7e21,marco@gmail.com,2023-03-18T09:00:02.573Z,,Creazione Sondaggio Premium,
64157dc18c1df1193b0e7e24,marco@gmail.com,2023-03-18T09:00:49.086Z,,Creazione Sondaggio Premium,
64157dc38c1df1193b0e7e26,marco@gmail.com,2023-03-18T09:00:51.336Z,,Creazione Sondaggio Premium,
64157dc48c1df1193b0e7e27,marco@gmail.com,2023-03-18T09:00:52.288Z,,Creazione Sondaggio Premium,
64157e328c1df1193b0e7e28,marco@gmail.com,2023-03-18T09:02:42.397Z,,Creazione Sondaggio Premium,
64157e338c1df1193b0e7e29,marco@gmail.com,2023-03-18T09:02:43.300Z,,Creazione Sondaggio Premium,
64157e368c1df1193b0e7e2a,marco@gmail.com,2023-03-18T09:02:46.663Z,,Creazione Sondaggio Premium,
64157e388c1df1193b0e7e2b,marco@gmail.com,2023-03-18T09:02:48.003Z,,Creazione Sondaggio Premium,
64157e388c1df1193b0e7e2c,marco@gmail.com,2023-03-18T09:02:48.112Z,,Creazione Sondaggio Premium,
64157e388c1df1193b0e7e2d,marco@gmail.com,2023-03-18T09:02:48.345Z,,Creazione Sondaggio Premium,
64157e388c1df1193b0e7e2e,marco@gmail.com,2023-03-18T09:02:48.438Z,,Creazione Sondaggio Premium,
64157e388c1df1193b0e7e2f,marco@gmail.com,2023-03-18T09:02:48.685Z,,Creazione Sondaggio Premium,
64157e5e8c1df1193b0e7e30,marco@gmail.com,2023-03-18T09:03:26.276Z,,Creazione Sondaggio Premium,
64157e5f8c1df1193b0e7e31,marco@gmail.com,2023-03-18T09:03:27.592Z,,Creazione Sondaggio Premium,
641580b18c1df1193b0e7e32,marco@gmail.com,2023-03-18T09:13:21.367Z,,Creazione Sondaggio Premium,pokpokpk
641580f28c1df1193b0e7e33,marco@gmail.com,2023-03-18T09:14:26.104Z,,Creazione Sondaggio Premium,prova
641581c38c1df1193b0e7e34,marco@gmail.com,2023-03-18T09:17:55.108Z,,Creazione Sondaggio Premium,jlkjlkjlkjkl
641582448c1df1193b0e7e35,marco@gmail.com,2023-03-18T09:20:04.733Z,,Creazione Sondaggio Premium,provapos
641582478c1df1193b0e7e36,marco@gmail.com,2023-03-18T09:20:07.635Z,,Creazione Domanda Aperta,
641584808c1df1193b0e7e37,marco@gmail.com,2023-03-18T09:29:36.716Z,,Creazione Sondaggio Premium,jlkjlkjlkj
641584948c1df1193b0e7e38,marco@gmail.com,2023-03-18T09:29:56.320Z,,Creazione Domanda Aperta,INTER
641584fc8c1df1193b0e7e39,marco@gmail.com,2023-03-18T09:31:40.418Z,,Creazione Domanda Aperta,oioiuoiuoiu
6415852e8c1df1193b0e7e3a,marco@gmail.com,2023-03-18T09:32:30.702Z,,Creazione Domanda Chiusa,provkjhkjh
6415852e8c1df1193b0e7e3b,marco@gmail.com,2023-03-18T09:32:30.735Z,992776747,Creazione Opzione Domanda Chiusa,bnljiuoyitugfvjhbkn
6415852e8c1df1193b0e7e3c,marco@gmail.com,2023-03-18T09:32:30.769Z,992776747,Creazione Opzione Domanda Chiusa,joyitughjbknj
641585368c1df1193b0e7e3d,marco@gmail.com,2023-03-18T09:32:38.391Z,,Creazione Domanda Chiusa,kjytfgvbkjuyg
641585368c1df1193b0e7e3e,marco@gmail.com,2023-03-18T09:32:38.425Z,1473607066,Creazione Opzione Domanda Chiusa,vhjbkhkugyvhjbknhu
641585368c1df1193b0e7e3f,marco@gmail.com,2023-03-18T09:32:38.458Z,1473607066,Creazione Opzione Domanda Chiusa,gvhjbjkuhgy
641585468c1df1193b0e7e40,marco@gmail.com,2023-03-18T09:32:54.772Z,,Creazione Domanda Chiusa,uughkjyug
641585468c1df1193b0e7e41,marco@gmail.com,2023-03-18T09:32:54.804Z,2032705081,Creazione Opzione Domanda Chiusa,bkjjighbkjnljohig
641585468c1df1193b0e7e42,marco@gmail.com,2023-03-18T09:32:54.838Z,2032705081,Creazione Opzione Domanda Chiusa,hkjiughjko
641585468c1df1193b0e7e43,marco@gmail.com,2023-03-18T09:32:54.916Z,2032705081,Creazione Opzione Domanda Chiusa,
641585468c1df1193b0e7e44,marco@gmail.com,2023-03-18T09:32:54.949Z,2032705081,Creazione Opzione Domanda Chiusa,
6415858c8c1df1193b0e7e45,marco@gmail.com,2023-03-18T09:34:04.678Z,,Creazione Domanda Chiusa,fghbjkhytfgvhb
6415858c8c1df1193b0e7e46,marco@gmail.com,2023-03-18T09:34:04.713Z,1671026103,Creazione Opzione Domanda Chiusa,kjohgyuhbnjoiuigyv
6415858c8c1df1193b0e7e47,marco@gmail.com,2023-03-18T09:34:04.745Z,1671026103,Creazione Opzione Domanda Chiusa,hbnhigyuhbjk
6415858c8c1df1193b0e7e48,marco@gmail.com,2023-03-18T09:34:04.779Z,1671026103,Creazione Opzione Domanda Chiusa,
6415858c8c1df1193b0e7e49,marco@gmail.com,2023-03-18T09:34:04.856Z,1671026103,Creazione Opzione Domanda Chiusa,
6415858c8c1df1193b0e7e4a,marco@gmail.com,2023-03-18T09:34:04.889Z,1671026103,Creazione Opzione Domanda Chiusa,
6415858c8c1df1193b0e7e4b,marco@gmail.com,2023-03-18T09:34:04.923Z,1671026103,Creazione Opzione Domanda Chiusa,
6415858d8c1df1193b0e7e4c,marco@gmail.com,2023-03-18T09:34:05.001Z,1671026103,Creazione Opzione Domanda Chiusa,
6415858d8c1df1193b0e7e4d,marco@gmail.com,2023-03-18T09:34:05.034Z,1671026103,Creazione Opzione Domanda Chiusa,
6415858d8c1df1193b0e7e4e,marco@gmail.com,2023-03-18T09:34:05.068Z,1671026103,Creazione Opzione Domanda Chiusa,
6415858d8c1df1193b0e7e4f,marco@gmail.com,2023-03-18T09:34:05.145Z,1671026103,Creazione Opzione Domanda Chiusa,
6415858d8c1df1193b0e7e50,marco@gmail.com,2023-03-18T09:34:05.214Z,1671026103,Creazione Opzione Domanda Chiusa,
6415858d8c1df1193b0e7e51,marco@gmail.com,2023-03-18T09:34:05.278Z,1671026103,Creazione Opzione Domanda Chiusa,
6415873e8c1df1193b0e7e52,marco@gmail.com,2023-03-18T09:41:18.984Z,,Creazione Sondaggio Premium,TOTOWOLF
641587568c1df1193b0e7e53,marco@gmail.com,2023-03-18T09:41:42.916Z,,Creazione Domanda Chiusa,prova
641587568c1df1193b0e7e54,marco@gmail.com,2023-03-18T09:41:42.950Z,665200483,Creazione Opzione Domanda Chiusa,pippo
641587568c1df1193b0e7e55,marco@gmail.com,2023-03-18T09:41:42.994Z,665200483,Creazione Opzione Domanda Chiusa,pluto
641587578c1df1193b0e7e56,marco@gmail.com,2023-03-18T09:41:43.083Z,665200483,Creazione Opzione Domanda Chiusa,paperino
641591c48c1df1193b0e7e57,,2023-03-18T10:26:12.662Z,,Manda Invito,MILAN
641591de8c1df1193b0e7e58,rontinim@gmail.com,2023-03-18T10:26:38.486Z,,Creazione Dominio,PUSHHHH
641591ea8c1df1193b0e7e59,rontinim@gmail.com,2023-03-18T10:26:50.865Z,12,Risposta Alla Domanda Chiusa,ROSSE
641594538c1df1193b0e7e5a,rontinim@gmail.com,2023-03-18T10:37:07.266Z,13,Risposta Alla Domanda Chiusa,1
641594538c1df1193b0e7e5b,rontinim@gmail.com,2023-03-18T10:37:07.530Z,13,Risposta Alla Domanda Chiusa,ciao
641594aa8c1df1193b0e7e5c,rontinim@gmail.com,2023-03-18T10:38:34.636Z,12,Risposta Alla Domanda Chiusa,ROSSE
641594aa8c1df1193b0e7e5d,rontinim@gmail.com,2023-03-18T10:38:34.725Z,12,Risposta Alla Domanda Chiusa,1
641594f88c1df1193b0e7e5e,rontinim@gmail.com,2023-03-18T10:39:52.818Z,13,Risposta Alla Domanda Chiusa,3
6415950f8c1df1193b0e7e5f,rontinim@gmail.com,2023-03-18T10:40:15.687Z,prima,Risposta Alla Domanda Aperta,ciao
6415950f8c1df1193b0e7e60,rontinim@gmail.com,2023-03-18T10:40:15.909Z,prima,Risposta Alla Domanda Aperta,prova
641595798c1df1193b0e7e61,rontinim@gmail.com,2023-03-18T10:42:01.639Z,prima,Risposta Alla Domanda Aperta,ROSSE
641595798c1df1193b0e7e62,rontinim@gmail.com,2023-03-18T10:42:01.728Z,prima,Risposta Alla Domanda Aperta,ciao
641595798c1df1193b0e7e63,rontinim@gmail.com,2023-03-18T10:42:01.860Z,prima,Risposta Alla Domanda Aperta,pippo
641599f38c1df1193b0e7e64,rontinim@gmail.com,2023-03-18T11:01:07.347Z,prima,Risposta Alla Domanda Aperta,ghjk
641599fc8c1df1193b0e7e65,rontinim@gmail.com,2023-03-18T11:01:16.070Z,13,Risposta Alla Domanda Chiusa,BLU
641599fc8c1df1193b0e7e66,rontinim@gmail.com,2023-03-18T11:01:16.236Z,13,Risposta Alla Domanda Chiusa,1
64159fe48c1df1193b0e7e67,rontinim@gmail.com,2023-03-18T11:26:28.905Z,12,Risposta Alla Domanda Chiusa,ROSSE
6415ade48c1df1193b0e7e68,rontinim@gmail.com,2023-03-18T12:26:12.318Z,prima,Risposta Alla Domanda Aperta,jukl
6415aed98c1df1193b0e7e69,rontinim@gmail.com,2023-03-18T12:30:17.365Z,12,Risposta Alla Domanda Chiusa,prva
6415af4b8c1df1193b0e7e6a,rontinim@gmail.com,2023-03-18T12:32:11.281Z,secondaa,Risposta Alla Domanda Aperta,prova
6415af778c1df1193b0e7e6b,rontinim@gmail.com,2023-03-18T12:32:55.439Z,prima,Risposta Alla Domanda Aperta,ciao
6415af778c1df1193b0e7e6c,rontinim@gmail.com,2023-03-18T12:32:55.657Z,prima,Risposta Alla Domanda Aperta,pippo
6415b0a18c1df1193b0e7e6d,rontinim@gmail.com,2023-03-18T12:37:53.666Z,secondaa,Risposta Alla Domanda Aperta,jkl
6415b0e88c1df1193b0e7e6e,rontinim@gmail.com,2023-03-18T12:39:04.281Z,12,Risposta Alla Domanda Chiusa,1
6415b1408c1df1193b0e7e6f,rontinim@gmail.com,2023-03-18T12:40:32.006Z,prima,Risposta Alla Domanda Aperta,canto
6415b1b88c1df1193b0e7e70,rontinim@gmail.com,2023-03-18T12:42:32.702Z,prima,Risposta Alla Domanda Aperta,canto
6415b37e8c1df1193b0e7e71,rontinim@gmail.com,2023-03-18T12:50:06.893Z,prima,Risposta Alla Domanda Aperta,prova
6415b4338c1df1193b0e7e72,rontinim@gmail.com,2023-03-18T12:53:07.202Z,prima,Risposta Alla Domanda Aperta,cane
6415b5e58c1df1193b0e7e73,rontinim@gmail.com,2023-03-18T13:00:21.958Z,prima,Risposta Alla Domanda Aperta,prova
6415b6288c1df1193b0e7e74,rontinim@gmail.com,2023-03-18T13:01:28.661Z,prima,Risposta Alla Domanda Aperta,prova
6415b6ac8c1df1193b0e7e75,rontinim@gmail.com,2023-03-18T13:03:40.646Z,prima,Risposta Alla Domanda Aperta,prima
6415b6ca8c1df1193b0e7e76,rontinim@gmail.com,2023-03-18T13:04:10.437Z,prima,Risposta Alla Domanda Aperta,prima
6415b8848c1df1193b0e7e77,rontinim@gmail.com,2023-03-18T13:11:32.971Z,prima,Risposta Alla Domanda Aperta,prima
6415b8f58c1df1193b0e7e78,rontinim@gmail.com,2023-03-18T13:13:25.843Z,prima,Risposta Alla Domanda Aperta,prima
6415b92c8c1df1193b0e7e79,rontinim@gmail.com,2023-03-18T13:14:20.391Z,prima,Risposta Alla Domanda Aperta,prima
6415b9ee8c1df1193b0e7e7a,rontinim@gmail.com,2023-03-18T13:17:34.523Z,prima,Risposta Alla Domanda Aperta,prima
6415bba58c1df1193b0e7e7b,rontinim@gmail.com,2023-03-18T13:24:53.071Z,prima,Risposta Alla Domanda Aperta,prima
6415bbdf8c1df1193b0e7e7c,rontinim@gmail.com,2023-03-18T13:25:51.872Z,prima,Risposta Alla Domanda Aperta,prima
6415bcdf8c1df1193b0e7e7d,rontinim@gmail.com,2023-03-18T13:30:07.952Z,prima,Risposta Alla Domanda Aperta,prima
6415be378c1df1193b0e7e7e,rontinim@gmail.com,2023-03-18T13:35:51.881Z,prima,Risposta Alla Domanda Aperta,prima
6415be378c1df1193b0e7e7f,rontinim@gmail.com,2023-03-18T13:35:51.991Z,prima,Risposta Alla Domanda Aperta,prima
6415be388c1df1193b0e7e80,rontinim@gmail.com,2023-03-18T13:35:52.070Z,prima,Risposta Alla Domanda Aperta,prima
6415be388c1df1193b0e7e81,rontinim@gmail.com,2023-03-18T13:35:52.170Z,prima,Risposta Alla Domanda Aperta,prima
6415be868c1df1193b0e7e82,rontinim@gmail.com,2023-03-18T13:37:10.685Z,prima,Risposta Alla Domanda Aperta,prima
6415be868c1df1193b0e7e83,rontinim@gmail.com,2023-03-18T13:37:10.785Z,prima,Risposta Alla Domanda Aperta,prima
6415be868c1df1193b0e7e84,rontinim@gmail.com,2023-03-18T13:37:10.907Z,prima,Risposta Alla Domanda Aperta,prima
6415be878c1df1193b0e7e85,rontinim@gmail.com,2023-03-18T13:37:11.241Z,prima,Risposta Alla Domanda Aperta,prima
6415c7df8c1df1193b0e7e86,rontinim@gmail.com,2023-03-18T14:17:03.012Z,secondaa,Risposta Alla Domanda Aperta,ghjkl
6415c8258c1df1193b0e7e87,rontinim@gmail.com,2023-03-18T14:18:13.334Z,prima,Risposta Alla Domanda Aperta,puttana
6415c8258c1df1193b0e7e88,rontinim@gmail.com,2023-03-18T14:18:13.446Z,prima,Risposta Alla Domanda Aperta,la rana
6415ca318c1df1193b0e7e8a,,2023-03-18T14:26:57.495Z,prima,Risposta Alla Domanda Aperta,Array
6415ca6e8c1df1193b0e7e8b,,2023-03-18T14:27:58.231Z,prima,Risposta Alla Domanda Aperta,prova
6415ca7d8c1df1193b0e7e8c,,2023-03-18T14:28:13.421Z,prima,Risposta Alla Domanda Aperta,prova
6415cec38c1df1193b0e7e8d,rontinim@gmail.com,2023-03-18T14:46:27.667Z,prima,Risposta Alla Domanda Aperta,ciao
6415cec38c1df1193b0e7e8e,rontinim@gmail.com,2023-03-18T14:46:27.778Z,prima,Risposta Alla Domanda Aperta,prova
6415cf378c1df1193b0e7e8f,rontinim@gmail.com,2023-03-18T14:48:23.851Z,prima,Risposta Alla Domanda Aperta,pippo
6415cf9a8c1df1193b0e7e90,rontinim@gmail.com,2023-03-18T14:50:02.801Z,prima,Risposta Alla Domanda Aperta,evviva
6415d09c8c1df1193b0e7e91,rontinim@gmail.com,2023-03-18T14:54:20.837Z,12,Risposta Alla Domanda Chiusa,ROSSE
6415d0c58c1df1193b0e7e92,rontinim@gmail.com,2023-03-18T14:55:01.272Z,13,Risposta Alla Domanda Chiusa,1
6415d0d88c1df1193b0e7e93,rontinim@gmail.com,2023-03-18T14:55:20.951Z,secondaa,Risposta Alla Domanda Aperta,tutto ok
6418d98c15621f9c82094782,marco@gmail.com,2023-03-20T22:09:16.011Z,,Creazione Domanda Aperta,proviamoooooooo
6418dba715621f9c82094784,marco@gmail.com,2023-03-20T22:18:15.888Z,,Creazione Sondaggio Premium,provaprova
6418dbc315621f9c82094785,marco@gmail.com,2023-03-20T22:18:43.871Z,,Creazione Domanda Aperta,volarevolare
641ad516b450a2ae5a065ad2,rontinim@gmail.com,2023-03-22T10:14:46.643Z,,Aggiunta/Rimozione Interessamento a dominio,
641ad51db450a2ae5a065ad4,rontinim@gmail.com,2023-03-22T10:14:53.332Z,,Aggiunta/Rimozione Interessamento a dominio,
641ad923b450a2ae5a065ad5,ssss,2023-03-22T10:32:03.948Z,,Mando un invito da Azienda,
641ad948b450a2ae5a065ad6,m@gmail.com,2023-03-22T10:32:40.549Z,,Aggiunta/Rimozione Interessamento a dominio,
641ad976b450a2ae5a065ad7,ssss,2023-03-22T10:33:26.163Z,,Mando un invito da Azienda,
641ad9ffb450a2ae5a065ad9,m@gmail.com,2023-03-22T10:35:43.103Z,,Aggiunta/Rimozione Interessamento a dominio,
641ae09fb450a2ae5a065ada,marco@gmail.com,2023-03-22T11:03:59.324Z,,Aggiunta/Rimozione Interessamento a dominio,
641b00b3fa3e1f5b90099a32,ssss,2023-03-22T13:20:51.376Z,,Mando un invito da Azienda,
641b0125fa3e1f5b90099a34,ssss,2023-03-22T13:22:45.993Z,,Mando un invito da Azienda,
641b0126fa3e1f5b90099a36,ssss,2023-03-22T13:22:46.460Z,,Mando un invito da Azienda,
641b0150fa3e1f5b90099a37,ssss,2023-03-22T13:23:28.027Z,,Mando un invito da Azienda,
641b0898fa3e1f5b90099a38,ssss,2023-03-22T13:54:32.236Z,,Creazione Sondaggio Azienda,Prova
641b093cfa3e1f5b90099a39,ssss,2023-03-22T13:57:16.456Z,,Creazione Sondaggio Azienda,CIAO
641b095bfa3e1f5b90099a3a,1847753767,2023-03-22T13:57:47.515Z,,Creazione Domanda Aperta,JUVE
641b0a91fa3e1f5b90099a3b,ssss,2023-03-22T14:02:57.763Z,,Mando un invito da Azienda,
641b184ffa3e1f5b90099a3c,rontinim@gmail.com,2023-03-22T15:01:35.186Z,,Aggiunta/Rimozione Interessamento a dominio,
641b1853fa3e1f5b90099a3d,rontinim@gmail.com,2023-03-22T15:01:39.823Z,,Aggiunta/Rimozione Interessamento a dominio,
641b1863fa3e1f5b90099a3e,rontinim@gmail.com,2023-03-22T15:01:55.046Z,,Aggiunta/Rimozione Interessamento a dominio,
641b186bfa3e1f5b90099a3f,rontinim@gmail.com,2023-03-22T15:02:03.548Z,,Aggiunta/Rimozione Interessamento a dominio,
641b1934fa3e1f5b90099a40,rontinim@gmail.com,2023-03-22T15:05:24.557Z,,Aggiunta/Rimozione Interessamento a dominio,
641c799b66b4fbb9110d0202,rontinim@gmail.com,2023-03-23T16:08:59.105Z,,Aggiunte note,
641c7eccf1945e2fe10437b2,rontinim@gmail.com,2023-03-23T16:31:08.841Z,,Aggiunta/Rimozione Interessamento a dominio,
641c7ed8f1945e2fe10437b4,rontinim@gmail.com,2023-03-23T16:31:20.781Z,,Aggiunta/Rimozione Interessamento a dominio,
641cc21e57f2bf98250e2101,rontinim@gmail.com,2023-03-23T21:18:22.111Z,,Aggiunta/Rimozione Interessamento a dominio,
641cc22257f2bf98250e2103,rontinim@gmail.com,2023-03-23T21:18:26.273Z,,Aggiunta/Rimozione Interessamento a dominio,
641cc97757f2bf98250e2105,marco@gmail.com,2023-03-23T21:49:43.059Z,prima,Risposta Alla Domanda Aperta,figa
641cc99c57f2bf98250e2107,marco@gmail.com,2023-03-23T21:50:20.650Z,,Aggiunta/Rimozione Interessamento a dominio,
641cc9d357f2bf98250e2108,marco@gmail.com,2023-03-23T21:51:15.160Z,,Creazione Sondaggio Premium,PIPPO
641cc9f957f2bf98250e2109,marco@gmail.com,2023-03-23T21:51:53.110Z,,Mando un invito da Premium,
641cd2f957f2bf98250e210a,m@gmail.com,2023-03-23T22:30:17.405Z,,Aggiunto Nuovo Amministratore,
641dcb97b0dcea8f240c9722,m@gmail.com,2023-03-24T16:11:03.567Z,,Nuovo Abbonato Premium,
641dcc53b0dcea8f240c9724,m@gmail.com,2023-03-24T16:14:11.698Z,,Nuovo Abbonato Premium,
641eb7f74f008c43390c1892,rontinim@gmail.com,2023-03-25T08:59:35.701Z,,Aggiunta/Rimozione Interessamento a dominio,
641eb7fb4f008c43390c1894,rontinim@gmail.com,2023-03-25T08:59:39.593Z,,Aggiunta/Rimozione Interessamento a dominio,
641eb98c4f008c43390c1895,rontinim@gmail.com,2023-03-25T09:06:20.579Z,,Nuovo Abbonato Premium,
641ebc1d4f008c43390c1897,m@gmail.com,2023-03-25T09:17:17.130Z,,Nuovo Abbonato Premium,
641ec0f94f008c43390c1898,rontinssim@gmail.com,2023-03-25T09:38:01.745Z,,Registrazione Utente,
641ec13a4f008c43390c1899,rtr,2023-03-25T09:39:06.117Z,,Registrazione Azienda,
641ec1cf4f008c43390c189a,marco@gmail.com,2023-03-25T09:41:35.082Z,,Creazione Sondaggio Premium,hjkkkk
641ec2e74f008c43390c189b,marco@gmail.com,2023-03-25T09:46:15.191Z,,Creazione Sondaggio Premium,hjk
641ec33a4f008c43390c189c,marco@gmail.com,2023-03-25T09:47:38.135Z,,Creazione Sondaggio Premium,prova
641ec39d4f008c43390c189d,marco@gmail.com,2023-03-25T09:49:17.328Z,,Creazione Sondaggio Premium,gvbkjbn
641ec8224f008c43390c189e,rontinssim@gmail.com,2023-03-25T10:08:34.855Z,,Aggiunto Nuovo Amministratore,
641ec88b4f008c43390c189f,ssss,2023-03-25T10:10:19.408Z,,Mando un invito da Azienda,
641ec8b84f008c43390c18a0,ssss,2023-03-25T10:11:04.074Z,,Mando un invito da Azienda,
641efdaf4f008c43390c18a1,m@gmail.com,2023-03-25T13:57:03.444Z,,Nuovo Abbonato Premium,
641efe264f008c43390c18a2,r@gmail.com,2023-03-25T13:59:02.181Z,,Nuovo Abbonato Premium,
641efef74f008c43390c18a3,m@gmail.com,2023-03-25T14:02:31.320Z,,Nuovo Abbonato Premium,
641eff444f008c43390c18a4,r@gmail.com,2023-03-25T14:03:48.571Z,,Nuovo Abbonato Premium,
641effff4f008c43390c18a5,r@gmail.com,2023-03-25T14:06:55.765Z,,Nuovo Abbonato Premium,
641f00b84f008c43390c18a6,m@gmail.com,2023-03-25T14:10:00.474Z,,Nuovo Abbonato Premium,
641f00c24f008c43390c18a7,m@gmail.com,2023-03-25T14:10:10.017Z,,Nuovo Abbonato Premium,
641f020a4f008c43390c18a8,m@gmail.com,2023-03-25T14:15:38.754Z,,Nuovo Abbonato Premium,
641f1284a43beb11f60f6d62,marco@gmail.com,2023-03-25T15:25:56.103Z,,Creazione Sondaggio Premium,INTER
641f1292a43beb11f60f6d64,marco@gmail.com,2023-03-25T15:26:10.643Z,,Creazione Domanda Aperta,CHI VINCE
641f12a6a43beb11f60f6d66,marco@gmail.com,2023-03-25T15:26:30.080Z,,Mando un invito da Premium,
641f3086a43beb11f60f6d67,marco@gmail.com,2023-03-25T17:33:58.299Z,,Creazione Domanda Aperta,SALVO
641f328fa43beb11f60f6d68,marco@gmail.com,2023-03-25T17:42:39.761Z,,Creazione Domanda Aperta,INTER
641f32a4a43beb11f60f6d69,marco@gmail.com,2023-03-25T17:43:00.347Z,,Creazione Domanda Chiusa,JUVE
641f32a4a43beb11f60f6d6a,marco@gmail.com,2023-03-25T17:43:00.381Z,1358989760,Creazione Opzione Domanda Chiusa,",m,khj"
641f32a4a43beb11f60f6d6b,marco@gmail.com,2023-03-25T17:43:00.447Z,1358989760,Creazione Opzione Domanda Chiusa,khjjkh
641f590ca43beb11f60f6d6c,marco@gmail.com,2023-03-25T20:26:52.278Z,,Creazione Sondaggio Premium,PEPEPPEEP
641f591aa43beb11f60f6d6d,marco@gmail.com,2023-03-25T20:27:06.318Z,,Creazione Domanda Aperta,INTER
641f5925a43beb11f60f6d6e,marco@gmail.com,2023-03-25T20:27:17.474Z,,Creazione Domanda Chiusa,JUVE
641f5925a43beb11f60f6d6f,marco@gmail.com,2023-03-25T20:27:17.507Z,1020220333,Creazione Opzione Domanda Chiusa,hlkjhlkjhlk
641f5925a43beb11f60f6d70,marco@gmail.com,2023-03-25T20:27:17.541Z,1020220333,Creazione Opzione Domanda Chiusa,jhlkjhlkjh
641f592da43beb11f60f6d71,marco@gmail.com,2023-03-25T20:27:25.341Z,,Mando un invito da Premium,
641f592ea43beb11f60f6d72,marco@gmail.com,2023-03-25T20:27:26.219Z,,Mando un invito da Premium,
641f592ea43beb11f60f6d73,marco@gmail.com,2023-03-25T20:27:26.830Z,,Mando un invito da Premium,
641f5c3ca43beb11f60f6d74,r@gmail.com,2023-03-25T20:40:28.959Z,1020220333,Risposta Alla Domanda Chiusa,hlkjhlkjhlk
641f5d5ca43beb11f60f6d75,m@gmail.com,2023-03-25T20:45:16.896Z,334342654,Risposta Alla Domanda Aperta,prova
641f6005a43beb11f60f6d76,r@gmail.com,2023-03-25T20:56:37.086Z,334342654,Risposta Alla Domanda Aperta,provaprova
641f673da43beb11f60f6d77,marco@gmail.com,2023-03-25T21:27:25.051Z,,Mando un invito da Premium,
641f6887a43beb11f60f6d78,marco@gmail.com,2023-03-25T21:32:55.759Z,,Aggiunta/Rimozione Interessamento a dominio,
642295dd8d5785ef430d0a22,rontinim@gmail.com,2023-03-28T07:23:09.177Z,,Aggiunta/Rimozione Interessamento a dominio,
6422a4c88d5785ef430d0a24,rontinim@gmail.com,2023-03-28T08:26:48.578Z,,Creazione Dominio,Cinema
6422b04c8d5785ef430d0a25,marco@gmail.com,2023-03-28T09:15:56.490Z,,Creazione Sondaggio Premium,Johnny: Una nuova vita
6422b09d8d5785ef430d0a26,marco@gmail.com,2023-03-28T09:17:17.741Z,,Creazione Domanda Aperta,Come ti è sembrato il film?
6422b36a8d5785ef430d0a27,rontinim@gmail.com,2023-03-28T09:29:14.767Z,,Aggiunta/Rimozione Interessamento a dominio,
6422b4158d5785ef430d0a29,rontinim@gmail.com,2023-03-28T09:32:05.742Z,,Aggiunta/Rimozione Interessamento a dominio,
6422b8a08d5785ef430d0a2a,marco@gmail.com,2023-03-28T09:51:28.880Z,,Mando un invito da Premium,
6422b8a18d5785ef430d0a2b,marco@gmail.com,2023-03-28T09:51:29.958Z,,Mando un invito da Premium,
6422b8a28d5785ef430d0a2c,marco@gmail.com,2023-03-28T09:51:30.525Z,,Mando un invito da Premium,
6422bfa78d5785ef430d0a2e,m@gmail.com,2023-03-28T10:21:27.409Z,,Aggiunta/Rimozione Interessamento a dominio,
6422bfcf8d5785ef430d0a2f,r@gmail.com,2023-03-28T10:22:07.556Z,,Aggiunta/Rimozione Interessamento a dominio,
6422c0a58d5785ef430d0a30,marco@gmail.com,2023-03-28T10:25:41.278Z,,Creazione Domanda Aperta,Come ti è sembrato il film?
6422c1a38d5785ef430d0a32,marco@gmail.com,2023-03-28T10:29:55.324Z,,Creazione Domanda Aperta,JYVE
6422c1cc8d5785ef430d0a33,marco@gmail.com,2023-03-28T10:30:36.175Z,,Creazione Domanda Aperta,Come ti è sembrato il film?
6422c1ee8d5785ef430d0a34,marco@gmail.com,2023-03-28T10:31:10.074Z,,Creazione Domanda Aperta,Come ti è sembrato il film?
6422c27e8d5785ef430d0a35,marco@gmail.com,2023-03-28T10:33:34.751Z,,Creazione Domanda Aperta,Quante persone ci sono?
6422c2a08d5785ef430d0a36,marco@gmail.com,2023-03-28T10:34:08.950Z,,Creazione Domanda Aperta,pippo
6422c34d8d5785ef430d0a37,marco@gmail.com,2023-03-28T10:37:01.021Z,,Creazione Domanda Aperta,Come ti è sembrato il film?
6422c48d8d5785ef430d0a38,marco@gmail.com,2023-03-28T10:42:21.679Z,,Creazione Domanda Aperta,Come ti è sembrato il film?
6422c4cd8d5785ef430d0a39,marco@gmail.com,2023-03-28T10:43:25.529Z,,Creazione Domanda Aperta,Come ti è sembrato il film?
6422c4db8d5785ef430d0a3a,marco@gmail.com,2023-03-28T10:43:39.185Z,,Creazione Domanda Aperta,Come ti è sembrato il film?
6422c4f28d5785ef430d0a3b,marco@gmail.com,2023-03-28T10:44:02.453Z,,Creazione Domanda Aperta,Come ti è sembrato il film?
6422c5758d5785ef430d0a3c,marco@gmail.com,2023-03-28T10:46:13.902Z,,Creazione Domanda Aperta,Come ti è sembrato il film?
6422c5dc8d5785ef430d0a3e,marco@gmail.com,2023-03-28T10:47:56.979Z,,Creazione Domanda Aperta,Come ti è sembrato il film?
6422c61a8d5785ef430d0a3f,marco@gmail.com,2023-03-28T10:48:58.841Z,,Creazione Domanda Chiusa,Quanti protagonisti ci sono?
6422c61a8d5785ef430d0a40,marco@gmail.com,2023-03-28T10:48:58.886Z,523757519,Creazione Opzione Domanda Chiusa,1
6422c61a8d5785ef430d0a41,marco@gmail.com,2023-03-28T10:48:58.930Z,523757519,Creazione Opzione Domanda Chiusa,2
6422c61a8d5785ef430d0a42,marco@gmail.com,2023-03-28T10:48:58.964Z,523757519,Creazione Opzione Domanda Chiusa,3
6422c6508d5785ef430d0a43,marco@gmail.com,2023-03-28T10:49:52.244Z,,Mando un invito da Premium,
6422c6508d5785ef430d0a44,marco@gmail.com,2023-03-28T10:49:52.777Z,,Mando un invito da Premium,
6422c6518d5785ef430d0a45,marco@gmail.com,2023-03-28T10:49:53.195Z,,Mando un invito da Premium,
6422c67f8d5785ef430d0a46,marco@gmail.com,2023-03-28T10:50:39.387Z,,Mando un invito da Premium,
6422c67f8d5785ef430d0a47,marco@gmail.com,2023-03-28T10:50:39.548Z,,Mando un invito da Premium,
6422c67f8d5785ef430d0a48,marco@gmail.com,2023-03-28T10:50:39.636Z,,Mando un invito da Premium,
6422c67f8d5785ef430d0a49,marco@gmail.com,2023-03-28T10:50:39.757Z,,Mando un invito da Premium,
6422c67f8d5785ef430d0a4a,marco@gmail.com,2023-03-28T10:50:39.905Z,,Mando un invito da Premium,
6422c6808d5785ef430d0a4b,marco@gmail.com,2023-03-28T10:50:40.714Z,,Mando un invito da Premium,
6422c6818d5785ef430d0a4c,marco@gmail.com,2023-03-28T10:50:41.350Z,,Mando un invito da Premium,
6422c68e8d5785ef430d0a4d,marco@gmail.com,2023-03-28T10:50:54.915Z,,Mando un invito da Premium,
6422c68f8d5785ef430d0a4e,marco@gmail.com,2023-03-28T10:50:55.592Z,,Mando un invito da Premium,
6422c6908d5785ef430d0a4f,marco@gmail.com,2023-03-28T10:50:56.047Z,,Mando un invito da Premium,
6422c6bb8d5785ef430d0a51,marco@gmail.com,2023-03-28T10:51:39.317Z,,Mando un invito da Premium,
6422c6bb8d5785ef430d0a52,marco@gmail.com,2023-03-28T10:51:39.594Z,,Mando un invito da Premium,
6422c6bb8d5785ef430d0a53,marco@gmail.com,2023-03-28T10:51:39.983Z,,Mando un invito da Premium,
6422c6bc8d5785ef430d0a54,marco@gmail.com,2023-03-28T10:51:40.224Z,,Mando un invito da Premium,
6422c7538d5785ef430d0a56,marco@gmail.com,2023-03-28T10:54:11.844Z,,Creazione Sondaggio Premium,prova
6422c7698d5785ef430d0a57,marco@gmail.com,2023-03-28T10:54:33.959Z,,Creazione Domanda Aperta,Come ti è sembrato il film?
6422c7838d5785ef430d0a58,marco@gmail.com,2023-03-28T10:54:59.372Z,,Creazione Domanda Chiusa,Quanti protagonisti ci sono?
6422c7838d5785ef430d0a59,marco@gmail.com,2023-03-28T10:54:59.405Z,987527552,Creazione Opzione Domanda Chiusa,1
6422c7838d5785ef430d0a5a,marco@gmail.com,2023-03-28T10:54:59.439Z,987527552,Creazione Opzione Domanda Chiusa,2
6422c7838d5785ef430d0a5b,marco@gmail.com,2023-03-28T10:54:59.472Z,987527552,Creazione Opzione Domanda Chiusa,3
6422c7888d5785ef430d0a5c,marco@gmail.com,2023-03-28T10:55:04.361Z,,Mando un invito da Premium,
6422c7888d5785ef430d0a5d,marco@gmail.com,2023-03-28T10:55:04.895Z,,Mando un invito da Premium,
6422c7898d5785ef430d0a5e,marco@gmail.com,2023-03-28T10:55:05.550Z,,Mando un invito da Premium,
6422c9a68d5785ef430d0a5f,marco@gmail.com,2023-03-28T11:04:06.381Z,,Creazione Sondaggio Premium,ety
6422c9b18d5785ef430d0a60,marco@gmail.com,2023-03-28T11:04:17.276Z,,Creazione Domanda Aperta,prov
6422c9c28d5785ef430d0a61,marco@gmail.com,2023-03-28T11:04:34.673Z,,Mando un invito da Premium,
6422c9c38d5785ef430d0a62,marco@gmail.com,2023-03-28T11:04:35.037Z,,Mando un invito da Premium,
6422c9c38d5785ef430d0a63,marco@gmail.com,2023-03-28T11:04:35.525Z,,Mando un invito da Premium,
6422cfe78d5785ef430d0a64,marco@gmail.com,2023-03-28T11:30:47.510Z,,Creazione Domanda Aperta,Come ti è sembrato il film?
6422d0148d5785ef430d0a65,marco@gmail.com,2023-03-28T11:31:32.023Z,,Creazione Domanda Chiusa,Quanti protagonisti ci sono?
6422d0148d5785ef430d0a66,marco@gmail.com,2023-03-28T11:31:32.060Z,1547040837,Creazione Opzione Domanda Chiusa,1
6422d0148d5785ef430d0a67,marco@gmail.com,2023-03-28T11:31:32.090Z,1547040837,Creazione Opzione Domanda Chiusa,2
6422d0148d5785ef430d0a68,marco@gmail.com,2023-03-28T11:31:32.168Z,1547040837,Creazione Opzione Domanda Chiusa,3
6422d0a28d5785ef430d0a69,rontinim@gmail.com,2023-03-28T11:33:54.053Z,153555461,Risposta Alla Domanda Aperta,proava
64230f0f7aacbbb359077502,rontinim@gmail.com,2023-03-28T16:00:15.568Z,,Crea Premio,Per le risposte più esaustive
64230f827aacbbb359077504,,2023-03-28T16:02:10.281Z,,Manda Invito,
642360a23dd6f9d50902b082,marco@gmail.com,2023-03-28T21:48:18.552Z,,Creazione Domanda Aperta,PINZIMONIO
642360c43dd6f9d50902b084,marco@gmail.com,2023-03-28T21:48:52.296Z,,Creazione Domanda Aperta,PINZIMONIO
642364123dd6f9d50902b086,marco@gmail.com,2023-03-28T22:02:58.345Z,,Creazione Domanda Aperta,PINZIMONIO
6423645c3dd6f9d50902b087,marco@gmail.com,2023-03-28T22:04:12.038Z,,Creazione Domanda Aperta,PINZIMONIO
6423f0e6313b738d4a0e77e2,marco@gmail.com,2023-03-29T08:03:50.606Z,,Creazione Domanda Aperta,JUVE
6423f17c313b738d4a0e77e4,marco@gmail.com,2023-03-29T08:06:20.150Z,,Creazione Domanda Aperta,MILAN
6423f248313b738d4a0e77e5,marco@gmail.com,2023-03-29T08:09:44.304Z,,Creazione Domanda Aperta,PINZU
6423f28a313b738d4a0e77e6,marco@gmail.com,2023-03-29T08:10:50.052Z,,Creazione Domanda Aperta,PINZU
6423f298313b738d4a0e77e7,marco@gmail.com,2023-03-29T08:11:04.420Z,,Creazione Domanda Aperta,PINZU
6423f32e313b738d4a0e77e9,marco@gmail.com,2023-03-29T08:13:34.628Z,,Creazione Domanda Aperta,PINZU
6423f48b313b738d4a0e77ea,marco@gmail.com,2023-03-29T08:19:23.335Z,,Creazione Domanda Aperta,MANDOLINO
6423f48b313b738d4a0e77eb,marco@gmail.com,2023-03-29T08:19:23.368Z,7,Creazione Opzione Domanda Chiusa,uno
6423f48b313b738d4a0e77ec,marco@gmail.com,2023-03-29T08:19:23.402Z,7,Creazione Opzione Domanda Chiusa,due
6423f48b313b738d4a0e77ed,marco@gmail.com,2023-03-29T08:19:23.469Z,7,Creazione Opzione Domanda Chiusa,tre
6423f7fc313b738d4a0e77f1,marco@gmail.com,2023-03-29T08:34:04.547Z,,Creazione Sondaggio Premium,Justin
6423f85c313b738d4a0e77f2,marco@gmail.com,2023-03-29T08:35:40.910Z,,Mando un invito da Premium,
6423f8b6313b738d4a0e77f3,marco@gmail.com,2023-03-29T08:37:10.448Z,,Creazione Domanda Aperta,Come ti è sembrato il film?
6423f8c7313b738d4a0e77f4,marco@gmail.com,2023-03-29T08:37:27.871Z,,Creazione Domanda Aperta,kjhkjhkjh
6423f8c7313b738d4a0e77f5,marco@gmail.com,2023-03-29T08:37:27.904Z,2,Creazione Opzione Domanda Chiusa,kjhkjhkj
6423f8c7313b738d4a0e77f6,marco@gmail.com,2023-03-29T08:37:27.938Z,2,Creazione Opzione Domanda Chiusa,hkjhkjh
6423f8ea313b738d4a0e77f7,marco@gmail.com,2023-03-29T08:38:02.895Z,,Creazione Domanda Aperta,Come ti è sembrato il film?
6423fa19313b738d4a0e77f8,marco@gmail.com,2023-03-29T08:43:05.322Z,,Creazione Domanda Aperta,Come ti è sembrato il film?
6423fa40313b738d4a0e77f9,marco@gmail.com,2023-03-29T08:43:44.436Z,,Creazione Domanda Aperta,colore maglia?
6423fa40313b738d4a0e77fa,marco@gmail.com,2023-03-29T08:43:44.469Z,5,Creazione Opzione Domanda Chiusa,blu
6423fa40313b738d4a0e77fb,marco@gmail.com,2023-03-29T08:43:44.536Z,5,Creazione Opzione Domanda Chiusa,bianca
6423fccd313b738d4a0e77fc,rontinim@gmail.com,2023-03-29T08:54:37.604Z,4,Risposta Alla Domanda Aperta,neri
6423fcee313b738d4a0e77fd,rontinim@gmail.com,2023-03-29T08:55:10.505Z,3,Risposta Alla Domanda Aperta,blu
6423fd20313b738d4a0e77fe,marco@gmail.com,2023-03-29T08:56:00.041Z,,Creazione Domanda Aperta,ghjk
6423fd20313b738d4a0e77ff,marco@gmail.com,2023-03-29T08:56:00.075Z,6,Creazione Opzione Domanda Chiusa,rrrrr
6423fd20313b738d4a0e7800,marco@gmail.com,2023-03-29T08:56:00.107Z,6,Creazione Opzione Domanda Chiusa,ddddd
6424038a313b738d4a0e7801,rontinim@gmail.com,2023-03-29T09:23:22.362Z,5,Risposta Alla Domanda Chiusa,blu
6424038d313b738d4a0e7802,rontinim@gmail.com,2023-03-29T09:23:25.762Z,6,Risposta Alla Domanda Chiusa,rrrrr
642433e2313b738d4a0e7803,,2023-03-29T12:49:38.780Z,,Manda Invito,
6424342d313b738d4a0e7804,,2023-03-29T12:50:53.615Z,,Manda Invito,
642438a4313b738d4a0e7805,,2023-03-29T13:09:56.998Z,,Manda Invito,
6424412b313b738d4a0e7806,marco@gmail.com,2023-03-29T13:46:19.746Z,,Mando un invito da Premium,
64244153313b738d4a0e7807,marco@gmail.com,2023-03-29T13:46:59.890Z,,Creazione Sondaggio Premium,BOOM BABY
64244159313b738d4a0e7808,marco@gmail.com,2023-03-29T13:47:05.937Z,,Mando un invito da Premium,
6424415a313b738d4a0e7809,marco@gmail.com,2023-03-29T13:47:06.137Z,,Mando un invito da Premium,
6424415a313b738d4a0e780a,marco@gmail.com,2023-03-29T13:47:06.459Z,,Mando un invito da Premium,
64244222313b738d4a0e780b,marco@gmail.com,2023-03-29T13:50:26.793Z,,Mando un invito da Premium,
64244223313b738d4a0e780c,marco@gmail.com,2023-03-29T13:50:27.254Z,,Mando un invito da Premium,
64244223313b738d4a0e780d,marco@gmail.com,2023-03-29T13:50:27.687Z,,Mando un invito da Premium,
64244295313b738d4a0e780e,marco@gmail.com,2023-03-29T13:52:21.865Z,,Mando un invito da Premium,
6424429a313b738d4a0e780f,marco@gmail.com,2023-03-29T13:52:26.448Z,,Mando un invito da Premium,
6424ac7b313b738d4a0e7810,marco@gmail.com,2023-03-29T21:24:11.140Z,,Creazione Domanda Aperta,jkhkjhjhk
6424acde313b738d4a0e7811,marco@gmail.com,2023-03-29T21:25:50.443Z,,Creazione Domanda Aperta,kjkjkjlkj
6424acf6313b738d4a0e7812,marco@gmail.com,2023-03-29T21:26:14.702Z,,Creazione Domanda Aperta,jkkjhhkhj
6424ad0d313b738d4a0e7813,marco@gmail.com,2023-03-29T21:26:37.614Z,,Creazione Domanda Aperta,Come ti è sembrato il film?
6424ad29313b738d4a0e7814,marco@gmail.com,2023-03-29T21:27:05.905Z,,Creazione Domanda Aperta,kjhkjhkjhk
6424ad56313b738d4a0e7815,marco@gmail.com,2023-03-29T21:27:50.085Z,,Creazione Domanda Aperta,proviamoooooooo
6424ad56313b738d4a0e7816,marco@gmail.com,2023-03-29T21:27:50.141Z,4,Creazione Opzione Domanda Chiusa,1
6424ad56313b738d4a0e7817,marco@gmail.com,2023-03-29T21:27:50.185Z,4,Creazione Opzione Domanda Chiusa,2
6424ade5313b738d4a0e7818,marco@gmail.com,2023-03-29T21:30:13.304Z,,Creazione Domanda Aperta,pippo
6424b2d3313b738d4a0e7819,marco@gmail.com,2023-03-29T21:51:15.687Z,,Creazione Sondaggio Premium,iuy
6424b2f3313b738d4a0e781a,marco@gmail.com,2023-03-29T21:51:47.206Z,,Creazione Sondaggio Premium,skjskjhdkj
64256354e36346fdda01e112,marco@gmail.com,2023-03-30T10:24:20.952Z,,Mando un invito da Premium,
6425637ae36346fdda01e114,marco@gmail.com,2023-03-30T10:24:58.248Z,,Creazione Domanda Aperta,Come ti è sembrato il film?
64256387e36346fdda01e116,marco@gmail.com,2023-03-30T10:25:11.621Z,,Creazione Domanda Aperta,inter
64256387e36346fdda01e117,marco@gmail.com,2023-03-30T10:25:11.666Z,6,Creazione Opzione Domanda Chiusa,uno
64256387e36346fdda01e118,marco@gmail.com,2023-03-30T10:25:11.744Z,6,Creazione Opzione Domanda Chiusa,due
64256581e36346fdda01e119,marco@gmail.com,2023-03-30T10:33:37.117Z,,Creazione Sondaggio Premium,INTER
642565b6e36346fdda01e11a,marco@gmail.com,2023-03-30T10:34:30.039Z,,Creazione Domanda Aperta,INTER 1
642565c0e36346fdda01e11b,marco@gmail.com,2023-03-30T10:34:40.450Z,,Creazione Domanda Aperta,INTER 2
642565c0e36346fdda01e11c,marco@gmail.com,2023-03-30T10:34:40.645Z,2,Creazione Opzione Domanda Chiusa,uno
642565c0e36346fdda01e11d,marco@gmail.com,2023-03-30T10:34:40.706Z,2,Creazione Opzione Domanda Chiusa,due
642565d2e36346fdda01e11e,marco@gmail.com,2023-03-30T10:34:58.529Z,,Mando un invito da Premium,
6425686a603491d2ee0b4d12,marco@gmail.com,2023-03-30T10:46:02.051Z,,Creazione Sondaggio Premium,gyuihgf
64256879603491d2ee0b4d14,marco@gmail.com,2023-03-30T10:46:17.742Z,,Creazione Domanda Aperta,hjjhg
64256881603491d2ee0b4d15,marco@gmail.com,2023-03-30T10:46:25.132Z,,Mando un invito da Premium,
64256977603491d2ee0b4d16,marco@gmail.com,2023-03-30T10:50:31.323Z,,Creazione Sondaggio Premium,INTER
64256985603491d2ee0b4d17,marco@gmail.com,2023-03-30T10:50:45.556Z,,Creazione Domanda Aperta,inter
6425698b603491d2ee0b4d19,marco@gmail.com,2023-03-30T10:50:51.390Z,,Mando un invito da Premium,
64256a76603491d2ee0b4d1a,miche@io.it,2023-03-30T10:54:46.925Z,,Registrazione Utente,
64256aed603491d2ee0b4d1b,miche@io.it,2023-03-30T10:56:45.875Z,,Aggiunta/Rimozione Interessamento a dominio,
64256af4603491d2ee0b4d1c,miche@io.it,2023-03-30T10:56:52.120Z,,Aggiunta/Rimozione Interessamento a dominio,
64256af9603491d2ee0b4d1d,miche@io.it,2023-03-30T10:56:57.565Z,,Aggiunta/Rimozione Interessamento a dominio,
64256b00603491d2ee0b4d1e,miche@io.it,2023-03-30T10:57:04.965Z,,Aggiunta/Rimozione Interessamento a dominio,
64256b17603491d2ee0b4d20,miche@io.it,2023-03-30T10:57:27.644Z,,Aggiunte note,
64256b60603491d2ee0b4d22,miche@io.it,2023-03-30T10:58:40.465Z,,Nuovo Abbonato Premium,
64256c5b603491d2ee0b4d23,miche@io.it,2023-03-30T11:02:51.495Z,,Creazione Sondaggio Premium,s primo miche
64256cc1603491d2ee0b4d24,miche@io.it,2023-03-30T11:04:33.556Z,,Creazione Domanda Aperta,proviamoooooooo
64256cc1603491d2ee0b4d25,miche@io.it,2023-03-30T11:04:33.610Z,2,Creazione Opzione Domanda Chiusa,1
64256cc1603491d2ee0b4d26,miche@io.it,2023-03-30T11:04:33.667Z,2,Creazione Opzione Domanda Chiusa,2
64256cc1603491d2ee0b4d27,miche@io.it,2023-03-30T11:04:33.755Z,2,Creazione Opzione Domanda Chiusa,3
64256dd4603491d2ee0b4d28,miche@io.it,2023-03-30T11:09:08.515Z,,Creazione Domanda Aperta,bb
64256df1603491d2ee0b4d29,miche@io.it,2023-03-30T11:09:37.595Z,,Creazione Domanda Aperta,bb
64256e0c603491d2ee0b4d2a,miche@io.it,2023-03-30T11:10:04.251Z,,Mando un invito da Premium,
64256f20603491d2ee0b4d2b,miche@io.it,2023-03-30T11:14:40.920Z,,Creazione Sondaggio Premium,s sec miche
64256f54603491d2ee0b4d2c,miche@io.it,2023-03-30T11:15:32.424Z,,Mando un invito da Premium,
64256fe5603491d2ee0b4d2d,r@gmail.com,2023-03-30T11:17:57.881Z,,Aggiunta/Rimozione Interessamento a dominio,
642571d1603491d2ee0b4d2e,m@gmail.com,2023-03-30T11:26:09.436Z,3,Risposta Alla Domanda Aperta,nn
642571df603491d2ee0b4d2f,m@gmail.com,2023-03-30T11:26:23.964Z,2,Risposta Alla Domanda Chiusa,1
642572b3603491d2ee0b4d30,pglmhl073,2023-03-30T11:29:55.736Z,,Registrazione Azienda,
64257309603491d2ee0b4d31,pglmhl073,2023-03-30T11:31:21.463Z,,Creazione Sondaggio Azienda,primo s az
64257335603491d2ee0b4d32,primo azienda,2023-03-30T11:32:05.404Z,,Creazione Domanda Aperta,dom ap
642574fc603491d2ee0b4d33,pglmhl073,2023-03-30T11:39:40.455Z,,Mando un invito da Azienda,
642574fc603491d2ee0b4d34,pglmhl073,2023-03-30T11:39:40.601Z,,Mando un invito da Azienda,
642574fe603491d2ee0b4d35,pglmhl073,2023-03-30T11:39:42.278Z,,Mando un invito da Azienda,
6425969d603491d2ee0b4d36,primo azienda,2023-03-30T14:03:09.570Z,,Creazione Domanda Aperta,Come ti è sembrato il film?
642597fa603491d2ee0b4d37,marco@gmail.com,2023-03-30T14:08:58.833Z,,Creazione Domanda Aperta,nnnnn
64259891603491d2ee0b4d38,marco@gmail.com,2023-03-30T14:11:29.075Z,,Creazione Domanda Aperta,Come ti è sembrato il film?
64259891603491d2ee0b4d39,marco@gmail.com,2023-03-30T14:11:29.130Z,1,Creazione Opzione Domanda Chiusa,1
64259891603491d2ee0b4d3a,marco@gmail.com,2023-03-30T14:11:29.186Z,1,Creazione Opzione Domanda Chiusa,2
64259939603491d2ee0b4d3b,primo azienda,2023-03-30T14:14:17.772Z,,Creazione Domanda Aperta,INTER
64259c48603491d2ee0b4d3c,ssss,2023-03-30T14:27:20.323Z,,Creazione Domanda Aperta,Come ti è sembrato il film?
64259d5f603491d2ee0b4d3d,ssss,2023-03-30T14:31:59.882Z,,Creazione Domanda Aperta,FROSINONE
64259dcb603491d2ee0b4d3e,ssss,2023-03-30T14:33:47.466Z,,Mando un invito da Azienda,
64259e87603491d2ee0b4d3f,ssss,2023-03-30T14:36:55.019Z,,Creazione Sondaggio Azienda,azienda
64259e9c603491d2ee0b4d40,ssss,2023-03-30T14:37:16.877Z,,Creazione Domanda Aperta,NAPOLI
64259eab603491d2ee0b4d41,ssss,2023-03-30T14:37:31.222Z,,Creazione Domanda Aperta,LAZIO
64259eab603491d2ee0b4d42,ssss,2023-03-30T14:37:31.420Z,12,Creazione Opzione Domanda Chiusa,uno
64259eab603491d2ee0b4d43,ssss,2023-03-30T14:37:31.511Z,12,Creazione Opzione Domanda Chiusa,due
64259eb0603491d2ee0b4d44,ssss,2023-03-30T14:37:36.044Z,,Mando un invito da Azienda,
64259ee3603491d2ee0b4d45,rontinim@gmail.com,2023-03-30T14:38:27.846Z,11,Risposta Alla Domanda Aperta,UNICA
64259ee5603491d2ee0b4d46,rontinim@gmail.com,2023-03-30T14:38:29.869Z,12,Risposta Alla Domanda Chiusa,uno
6425a277603491d2ee0b4d47,pglm,2023-03-30T14:53:43.372Z,,Registrazione Azienda,
6425a2c2603491d2ee0b4d48,pglm,2023-03-30T14:54:58.286Z,,Creazione Sondaggio Azienda,primomiche
6425a33e603491d2ee0b4d49,pglm,2023-03-30T14:57:02.460Z,,Creazione Domanda Aperta,prima
6425a36d603491d2ee0b4d4a,pglm,2023-03-30T14:57:49.562Z,,Creazione Domanda Aperta,sec
6425a36d603491d2ee0b4d4b,pglm,2023-03-30T14:57:49.618Z,2,Creazione Opzione Domanda Chiusa,prima
6425a36d603491d2ee0b4d4c,pglm,2023-03-30T14:57:49.673Z,2,Creazione Opzione Domanda Chiusa,seconda
6425a380603491d2ee0b4d4d,pglm,2023-03-30T14:58:08.441Z,,Mando un invito da Azienda,
6425a3ed603491d2ee0b4d4e,pglm,2023-03-30T14:59:57.524Z,,Creazione Domanda Aperta,domanda che ho aggiunto dopo aver inviato
6425a449603491d2ee0b4d4f,m@gmail.com,2023-03-30T15:01:29.018Z,,Aggiunta/Rimozione Interessamento a dominio,
6425a540603491d2ee0b4d50,rontinim@gmail.com,2023-03-30T15:05:36.675Z,1,Risposta Alla Domanda Aperta,bb
6425a54a603491d2ee0b4d51,rontinim@gmail.com,2023-03-30T15:05:46.232Z,3,Risposta Alla Domanda Aperta,la vedo
6425a56c603491d2ee0b4d52,rontinim@gmail.com,2023-03-30T15:06:20.999Z,2,Risposta Alla Domanda Chiusa,prima
6425a63b603491d2ee0b4d53,marco@gmail.com,2023-03-30T15:09:47.432Z,,Aggiunta/Rimozione Interessamento a dominio,
6425a680603491d2ee0b4d54,r@gmail.com,2023-03-30T15:10:56.680Z,,Aggiunta/Rimozione Interessamento a dominio,
6425a6b5603491d2ee0b4d55,pglm,2023-03-30T15:11:49.584Z,,Mando un invito da Azienda,
6425a6b8603491d2ee0b4d56,pglm,2023-03-30T15:11:52.595Z,,Mando un invito da Azienda,
6425a6b8603491d2ee0b4d57,pglm,2023-03-30T15:11:52.739Z,,Mando un invito da Azienda,
6425a749603491d2ee0b4d58,m@gmail.com,2023-03-30T15:14:17.091Z,1,Risposta Alla Domanda Aperta,sono m e metto tanti caratteri
6425a778603491d2ee0b4d59,m@gmail.com,2023-03-30T15:15:04.127Z,3,Risposta Alla Domanda Aperta,bb
6425a7b1603491d2ee0b4d5a,m@gmail.com,2023-03-30T15:16:01.774Z,2,Risposta Alla Domanda Chiusa,prima
6425a881603491d2ee0b4d5b,miche@io.it,2023-03-30T15:19:29.674Z,,Registrazione Utente,
6425a891603491d2ee0b4d5c,miche@io.it,2023-03-30T15:19:45.184Z,,Nuovo Abbonato Premium,
6425a8d5603491d2ee0b4d5d,miche@io.it,2023-03-30T15:20:53.652Z,,Aggiunta/Rimozione Interessamento a dominio,
6425a910603491d2ee0b4d5e,miche@io.it,2023-03-30T15:21:52.624Z,,Creazione Sondaggio Premium,miche premium
6425a930603491d2ee0b4d5f,miche@io.it,2023-03-30T15:22:24.760Z,,Creazione Domanda Aperta,unica e sola domanda chiusa
6425a930603491d2ee0b4d60,miche@io.it,2023-03-30T15:22:24.817Z,4,Creazione Opzione Domanda Chiusa,si
6425a931603491d2ee0b4d61,miche@io.it,2023-03-30T15:22:25.005Z,4,Creazione Opzione Domanda Chiusa,no
6425a940603491d2ee0b4d62,miche@io.it,2023-03-30T15:22:40.106Z,,Mando un invito da Premium,
6425a956603491d2ee0b4d63,miche@io.it,2023-03-30T15:23:02.607Z,,Mando un invito da Premium,
6425a974603491d2ee0b4d64,m@gmail.com,2023-03-30T15:23:32.887Z,4,Risposta Alla Domanda Chiusa,si
6425a991603491d2ee0b4d65,r@gmail.com,2023-03-30T15:24:01.807Z,,Nuovo Abbonato Premium,
6425a99f603491d2ee0b4d66,r@gmail.com,2023-03-30T15:24:15.633Z,4,Risposta Alla Domanda Chiusa,no
6425a9d1603491d2ee0b4d67,r@gmail.com,2023-03-30T15:25:05.370Z,1,Risposta Alla Domanda Aperta,nn
6425a9d6603491d2ee0b4d68,r@gmail.com,2023-03-30T15:25:10.426Z,3,Risposta Alla Domanda Aperta,oke
6425a9d8603491d2ee0b4d69,r@gmail.com,2023-03-30T15:25:12.503Z,2,Risposta Alla Domanda Chiusa,seconda
6425aa4b603491d2ee0b4d6a,r@gmail.com,2023-03-30T15:27:07.087Z,,Creazione Sondaggio Premium,r premium
6425aa8f603491d2ee0b4d6b,r@gmail.com,2023-03-30T15:28:15.947Z,,Creazione Domanda Aperta,bb
6425ab99603491d2ee0b4d6c,r@gmail.com,2023-03-30T15:32:41.059Z,,Creazione Domanda Aperta,minhci
6425ac56603491d2ee0b4d6d,m@gmail.com,2023-03-30T15:35:50.171Z,,Nuovo Abbonato Premium,
6425fe9977e515a0b409c682,marco@gmail.com,2023-03-30T21:26:49.239Z,,Creazione Sondaggio Premium,test
6425feaa77e515a0b409c684,marco@gmail.com,2023-03-30T21:27:06.253Z,,Creazione Domanda Aperta,proviamoooooooo
6425feaa77e515a0b409c686,marco@gmail.com,2023-03-30T21:27:06.552Z,7,Creazione Opzione Domanda Chiusa,1
6425feaa77e515a0b409c687,marco@gmail.com,2023-03-30T21:27:06.708Z,7,Creazione Opzione Domanda Chiusa,2
6425feb077e515a0b409c688,marco@gmail.com,2023-03-30T21:27:12.907Z,,Mando un invito da Premium,
6425ff4e77e515a0b409c689,marco@gmail.com,2023-03-30T21:29:50.139Z,,Creazione Domanda Aperta,inter
6425ff4e77e515a0b409c68a,marco@gmail.com,2023-03-30T21:29:50.194Z,8,Creazione Opzione Domanda Chiusa,1
6425ff4e77e515a0b409c68b,marco@gmail.com,2023-03-30T21:29:50.250Z,8,Creazione Opzione Domanda Chiusa,2
6425ff4e77e515a0b409c68c,marco@gmail.com,2023-03-30T21:29:50.357Z,8,Creazione Opzione Domanda Chiusa,33
6425ff4e77e515a0b409c68d,marco@gmail.com,2023-03-30T21:29:50.528Z,8,Creazione Opzione Domanda Chiusa,4
6425ff4e77e515a0b409c68e,marco@gmail.com,2023-03-30T21:29:50.594Z,8,Creazione Opzione Domanda Chiusa,5
6425ff4e77e515a0b409c68f,marco@gmail.com,2023-03-30T21:29:50.749Z,8,Creazione Opzione Domanda Chiusa,6
6425ffcf77e515a0b409c690,rontinim@gmail.com,2023-03-30T21:31:59.612Z,8,Risposta Alla Domanda Chiusa,33
6426016477e515a0b409c691,ssss,2023-03-30T21:38:44.578Z,,Mando un invito da Azienda,
6426016477e515a0b409c692,ssss,2023-03-30T21:38:44.700Z,,Mando un invito da Azienda,
6426016477e515a0b409c693,ssss,2023-03-30T21:38:44.777Z,,Mando un invito da Azienda,
6426016577e515a0b409c694,ssss,2023-03-30T21:38:45.456Z,,Mando un invito da Azienda,
6426025777e515a0b409c695,ssss,2023-03-30T21:42:47.857Z,,Mando un invito da Azienda,
6426025777e515a0b409c696,ssss,2023-03-30T21:42:47.991Z,,Mando un invito da Azienda,
6426025877e515a0b409c697,ssss,2023-03-30T21:42:48.124Z,,Mando un invito da Azienda,
6426025877e515a0b409c698,ssss,2023-03-30T21:42:48.247Z,,Mando un invito da Azienda,
6426025c77e515a0b409c699,ssss,2023-03-30T21:42:52.713Z,,Mando un invito da Azienda,
6426027d77e515a0b409c69a,ssss,2023-03-30T21:43:25.282Z,,Mando un invito da Azienda,
6426027d77e515a0b409c69b,ssss,2023-03-30T21:43:25.415Z,,Mando un invito da Azienda,
6426027d77e515a0b409c69c,ssss,2023-03-30T21:43:25.560Z,,Mando un invito da Azienda,
6426027d77e515a0b409c69d,ssss,2023-03-30T21:43:25.627Z,,Mando un invito da Azienda,
6426034e77e515a0b409c69e,ssss,2023-03-30T21:46:54.348Z,,Mando un invito da Azienda,
6426034e77e515a0b409c69f,ssss,2023-03-30T21:46:54.426Z,,Mando un invito da Azienda,
6426034e77e515a0b409c6a0,ssss,2023-03-30T21:46:54.537Z,,Mando un invito da Azienda,
6426034e77e515a0b409c6a1,ssss,2023-03-30T21:46:54.649Z,,Mando un invito da Azienda,
6426034f77e515a0b409c6a2,ssss,2023-03-30T21:46:55.259Z,,Mando un invito da Azienda,
642603f877e515a0b409c6a3,ssss,2023-03-30T21:49:44.002Z,,Mando un invito da Azienda,
642603f877e515a0b409c6a4,ssss,2023-03-30T21:49:44.080Z,,Mando un invito da Azienda,
642603f877e515a0b409c6a5,ssss,2023-03-30T21:49:44.191Z,,Mando un invito da Azienda,
642603f877e515a0b409c6a6,ssss,2023-03-30T21:49:44.302Z,,Mando un invito da Azienda,
642603f977e515a0b409c6a7,ssss,2023-03-30T21:49:45.279Z,,Mando un invito da Azienda,
6426051d77e515a0b409c6a8,ssss,2023-03-30T21:54:37.573Z,,Mando un invito da Azienda,
6426051d77e515a0b409c6a9,ssss,2023-03-30T21:54:37.651Z,,Mando un invito da Azienda,
6426051d77e515a0b409c6aa,ssss,2023-03-30T21:54:37.762Z,,Mando un invito da Azienda,
6426052677e515a0b409c6ab,ssss,2023-03-30T21:54:46.262Z,,Mando un invito da Azienda,
6426055477e515a0b409c6ac,rontinim@gmail.com,2023-03-30T21:55:32.620Z,,Creazione Dominio,puhuh
642605b177e515a0b409c6ad,rontinim@gmail.com,2023-03-30T21:57:05.291Z,,Crea Premio,wewrefd
642605d677e515a0b409c6ae,,2023-03-30T21:57:42.881Z,,Manda Invito,
6426061877e515a0b409c6af,ssss,2023-03-30T21:58:48.883Z,,Creazione Domanda Aperta,Come ti è sembrato il film?
6426069977e515a0b409c6b0,ssss,2023-03-30T22:00:57.081Z,,Creazione Sondaggio Azienda,prova
642606a677e515a0b409c6b1,ssss,2023-03-30T22:01:10.237Z,,Creazione Domanda Aperta,Come ti è sembrato il film?
642607f077e515a0b409c6b2,ssss,2023-03-30T22:06:40.434Z,,Creazione Sondaggio Azienda,s primo miche
6426080077e515a0b409c6b3,ssss,2023-03-30T22:06:56.145Z,,Mando un invito da Azienda,
6426085177e515a0b409c6b4,ssss,2023-03-30T22:08:17.946Z,,Creazione Domanda Aperta,Come ti è sembrato il film?
6426085a77e515a0b409c6b6,ssss,2023-03-30T22:08:26.473Z,,Creazione Domanda Aperta,Come ti è sembrato il film?
6426085a77e515a0b409c6b8,ssss,2023-03-30T22:08:26.772Z,1,Creazione Opzione Domanda Chiusa,1
6426085a77e515a0b409c6b9,ssss,2023-03-30T22:08:26.850Z,1,Creazione Opzione Domanda Chiusa,2
6426088377e515a0b409c6ba,ssss,2023-03-30T22:09:07.108Z,,Creazione Domanda Aperta,inter
6426089077e515a0b409c6bb,ssss,2023-03-30T22:09:20.267Z,,Creazione Domanda Aperta,juvw
6426089077e515a0b409c6bc,ssss,2023-03-30T22:09:20.442Z,3,Creazione Opzione Domanda Chiusa,34
6426089077e515a0b409c6bd,ssss,2023-03-30T22:09:20.509Z,3,Creazione Opzione Domanda Chiusa,45
6426922e93fbcbecec0ba391,prova@prova,2023-03-31T07:56:30.193Z,,Registrazione Utente,
6426927693fbcbecec0ba394,prova@prova,2023-03-31T07:57:42.181Z,,Nuovo Abbonato Premium,
642692c093fbcbecec0ba396,marco@gmail.com,2023-03-31T07:58:56.041Z,,Creazione Sondaggio Premium,INTER
642692d293fbcbecec0ba397,marco@gmail.com,2023-03-31T07:59:14.609Z,,Creazione Sondaggio Premium,INTER
6426930593fbcbecec0ba398,marco@gmail.com,2023-03-31T08:00:05.531Z,,Creazione Domanda Aperta,pazza inter
6426961b93fbcbecec0ba399,marco@gmail.com,2023-03-31T08:13:15.549Z,,Mando un invito da Premium,
6426968293fbcbecec0ba39a,prova@prova,2023-03-31T08:14:58.432Z,4,Risposta Alla Domanda Aperta,si
642697f893fbcbecec0ba39b,ssss,2023-03-31T08:21:12.809Z,,Mando un invito da Azienda,
6426f835264ca917220f06f2,rontinim@gmail.com,2023-03-31T15:11:49.269Z,,Aggiunta/Rimozione Interessamento a dominio,
6426f9c6264ca917220f06f4,rontinim@gmail.com,2023-03-31T15:18:30.147Z,,Aggiunta/Rimozione Interessamento a dominio,
643fb84c06f5e861f200a612,rontinim@gmail.com,2023-04-19T09:45:48.644Z,,Aggiunta/Rimozione Interessamento a dominio,
6440f3db5b1a7c56b902a042,maurizio@gmail.com,2023-04-20T08:12:11.053Z,,Nuovo Abbonato Premium,
644a318900d17afdc60d3452,rontinim@gmail.com,2023-04-27T08:25:45.189Z,,Crea Premio,r
644a338f00d17afdc60d3454,,2023-04-27T08:34:23.256Z,,Assegno Nuovo Premio,
644a33e800d17afdc60d3456,,2023-04-27T08:35:52.916Z,,Assegno Nuovo Premio,
644a354a00d17afdc60d3457,ssss,2023-04-27T08:41:46.835Z,,Creazione Sondaggio Azienda,VOLARE
644a3ad200d17afdc60d3458,eee@eee,2023-04-27T09:05:22.422Z,,Registrazione Utente,
644a3c6900d17afdc60d3459,aaa@aaaa,2023-04-27T09:12:09.761Z,,Registrazione Utente,
644a7b4d00d17afdc60d345a,rontinim@gmail.com,2023-04-27T13:40:29.567Z,,Aggiunta/Rimozione Interessamento a dominio,
644a7b5e00d17afdc60d345b,rontinim@gmail.com,2023-04-27T13:40:46.123Z,11,Risposta Alla Domanda Chiusa,1919
